City_ID,City,Lat,Lng,Max Temp,Humidity,Cloudiness,Wind Speed,Country,Current Description
0,Camana,-16.6228,-72.7111,75.15,74,12,8.01,PE,few clouds
1,Fortuna,40.5982,-124.1573,43.14,93,0,6.91,US,clear sky
2,Punta Arenas,-53.15,-70.9167,62.71,36,0,20.71,CL,clear sky
3,Aklavik,68.2191,-135.0107,-29.2,68,20,3.44,CA,few clouds
4,Pacific Grove,36.6177,-121.9166,54.07,79,0,4.0,US,clear sky
5,Hershey,40.2859,-76.6503,36.12,63,75,13.8,US,broken clouds
6,Avarua,-21.2078,-159.775,78.85,78,40,9.22,CK,scattered clouds
7,Kysyl-Syr,63.8986,122.7617,-19.77,98,100,7.29,RU,overcast clouds
8,Carnarvon,-24.8667,113.6333,72.91,84,0,7.72,AU,clear sky
9,Kodiak,57.79,-152.4072,29.71,69,0,13.8,US,clear sky
10,Kapaa,22.0752,-159.319,71.92,86,75,9.22,US,light rain
11,Asau,46.4333,26.4,18.52,55,4,2.71,RO,clear sky
12,Castlebar,53.85,-9.3,48.58,74,76,20.24,IE,light rain
13,Albany,42.6001,-73.9662,35.29,70,51,1.01,US,broken clouds
14,Jinchang,38.4953,102.1739,20.48,54,77,5.82,CN,broken clouds
15,Mataura,-46.1927,168.8643,48.36,91,100,2.21,NZ,overcast clouds
16,Cabo San Lucas,22.8909,-109.9124,77.5,60,52,4.0,MX,broken clouds
17,Genhe,50.7833,121.5167,-34.29,100,76,0.58,CN,broken clouds
18,Yellowknife,62.456,-114.3525,-19.68,76,75,4.61,CA,light snow
19,Busselton,-33.65,115.3333,66.88,55,0,9.22,AU,clear sky
20,Puerto Ayora,-0.7393,-90.3518,82.36,87,63,7.0,EC,broken clouds
21,Saskylakh,71.9167,114.0833,-5.89,98,100,9.26,RU,light snow
22,Kemijarvi,66.7131,27.4306,6.57,99,91,2.04,FI,overcast clouds
23,Ushuaia,-54.8,-68.3,64.02,51,75,6.91,AR,broken clouds
24,Turukhansk,65.8167,87.9833,-18.04,99,100,6.26,RU,overcast clouds
25,Sao Joao Da Barra,-21.6403,-41.0511,73.49,90,100,18.12,BR,light rain
26,Ribeira Brava,32.65,-17.0667,72.01,95,100,10.51,PT,light rain
27,Kavieng,-2.5744,150.7967,80.01,80,100,4.54,PG,moderate rain
28,Bethel,41.3712,-73.414,40.01,59,100,12.66,US,overcast clouds
29,Nouadhibou,20.931,-17.0347,78.78,47,0,4.61,MR,clear sky
30,Komsomolskiy,40.4272,71.7189,27.32,86,100,2.3,UZ,fog
31,Hermanus,-34.4187,19.2345,62.8,73,100,5.53,ZA,overcast clouds
32,Katsuura,35.1333,140.3,43.07,58,6,6.04,JP,clear sky
33,Georgetown,5.4112,100.3354,78.73,90,40,5.75,MY,scattered clouds
34,Ketchikan,55.3422,-131.6461,15.78,48,0,0.0,US,clear sky
35,Iqaluit,63.7506,-68.5145,19.13,93,100,0.0,CA,overcast clouds
36,Bosobolo,4.1833,19.9,78.19,35,67,0.89,CD,broken clouds
37,Jaque,7.5175,-78.1703,80.15,79,100,3.62,PA,light rain
38,Rikitea,-23.1203,-134.9692,77.02,83,100,18.28,PF,overcast clouds
39,Barrow,71.2906,-156.7887,5.02,85,100,6.91,US,mist
40,Baghdad,33.3406,44.4009,53.51,66,0,2.3,IQ,clear sky
41,Verkhoyansk,67.5447,133.385,-40.07,99,39,0.98,RU,scattered clouds
42,Bredasdorp,-34.5322,20.0403,63.99,68,14,6.64,ZA,few clouds
43,Nichinan,31.6,131.3667,38.77,63,0,4.72,JP,clear sky
44,Kamenka,51.3223,42.7678,24.57,85,94,13.0,RU,overcast clouds
45,Pangkalanbuun,-2.6833,111.6167,74.37,93,78,2.24,ID,broken clouds
46,Santa Cruz,-17.8,-63.1667,82.45,61,75,10.36,BO,broken clouds
47,Port Alfred,-33.5906,26.891,67.17,85,100,3.0,ZA,overcast clouds
48,Sangar,63.9242,127.4739,-31.18,92,80,7.23,RU,broken clouds
49,Agadez,19.75,10.25,66.85,24,98,8.25,NE,overcast clouds
50,Galesong,-5.3166,119.3661,73.42,80,100,2.1,ID,overcast clouds
51,Mogadishu,2.0371,45.3438,78.49,77,15,19.35,SO,few clouds
52,Tuatapere,-46.1333,167.6833,47.98,94,100,3.4,NZ,overcast clouds
53,Terrace,54.5163,-128.6035,1.31,46,0,14.97,CA,clear sky
54,Ukiah,39.1502,-123.2078,49.66,59,100,1.79,US,overcast clouds
55,Pangnirtung,66.1451,-65.7125,15.8,100,100,3.44,CA,fog
56,Noumea,-22.2763,166.4572,79.0,99,99,8.16,NC,moderate rain
57,Eskisehir,39.7767,30.5206,37.27,80,75,12.66,TR,broken clouds
58,Vaini,-21.2,-175.2,78.96,89,40,5.75,TO,scattered clouds
59,Castro,-24.7911,-50.0119,66.2,83,100,6.93,BR,overcast clouds
60,Chuy,-33.6971,-53.4616,74.62,61,36,14.74,UY,scattered clouds
61,Yeniseysk,58.4497,92.1703,-2.88,99,100,1.41,RU,overcast clouds
62,Salinopolis,-0.6136,-47.3561,83.52,69,93,10.74,BR,overcast clouds
63,Lere,10.387,8.5726,68.94,21,4,6.93,NG,clear sky
64,Ribeira Grande,38.5167,-28.7,64.8,88,40,21.0,PT,scattered clouds
65,Sitka,57.0531,-135.33,19.29,45,20,21.85,US,few clouds
66,Svetlyy,54.675,20.1347,24.96,86,100,19.48,RU,light snow
67,Svetlogorsk,52.6333,29.7333,0.18,96,5,5.06,BY,clear sky
68,New Norfolk,-42.7826,147.0587,51.71,76,4,1.01,AU,clear sky
69,Axim,4.8699,-2.2405,79.36,82,41,10.16,GH,scattered clouds
70,Nuuk,64.1835,-51.7216,29.01,43,0,9.22,GL,clear sky
71,Birao,10.2849,22.7882,75.38,25,10,5.77,CF,clear sky
72,East London,-33.0153,27.9116,70.74,88,20,3.44,ZA,few clouds
73,Sturgeon Bay,44.8342,-87.377,22.98,73,100,6.91,US,overcast clouds
74,Synya,65.3718,58.0387,9.27,93,100,3.8,RU,overcast clouds
75,Butaritari,3.0707,172.7902,81.1,79,49,17.09,KI,light rain
76,Latung,5.5,120.8833,80.89,78,100,5.39,PH,moderate rain
77,Comodoro Rivadavia,-45.8667,-67.5,67.86,45,0,19.57,AR,clear sky
78,Nemuro,43.3236,145.575,22.89,70,9,14.45,JP,clear sky
79,Hilo,19.7297,-155.09,76.24,85,20,4.61,US,few clouds
80,Hobart,-42.8794,147.3294,52.05,87,40,0.0,AU,scattered clouds
81,Nikolskoye,59.7035,30.7861,31.89,97,100,6.73,RU,overcast clouds
82,Bluff,-46.6,168.3333,50.95,70,100,14.2,NZ,overcast clouds
83,Saint-Philippe,-21.3585,55.7679,78.39,79,55,13.49,RE,broken clouds
84,Ancud,-41.8697,-73.8203,60.82,60,100,7.96,CL,overcast clouds
85,Novyy Urengoy,66.0833,76.6333,-19.01,100,100,5.01,RU,overcast clouds
86,Selenduma,50.9131,106.2406,-1.89,95,100,3.65,RU,overcast clouds
87,Sharlyk,52.9167,54.75,7.54,99,87,7.61,RU,overcast clouds
88,Atuona,-9.8,-139.0333,78.33,78,100,17.87,PF,overcast clouds
89,Yushu,44.8,126.5333,-1.37,87,4,5.48,CN,clear sky
90,Salalah,17.0151,54.0924,80.69,32,20,13.8,OM,few clouds
91,Laguna,38.421,-121.4238,44.06,88,100,1.01,US,mist
92,Gull Lake,50.1001,-108.4847,-5.17,94,100,13.89,CA,overcast clouds
93,Gwadar,25.1216,62.3254,71.55,32,0,10.36,PK,clear sky
94,Chokurdakh,70.6333,147.9167,-7.89,100,98,2.77,RU,overcast clouds
95,Half Moon Bay,37.4636,-122.4286,51.67,87,0,6.91,US,mist
96,Ust-Nera,64.5667,143.2,-2.67,100,100,3.11,RU,overcast clouds
97,Sechura,-5.5569,-80.8222,79.21,59,95,16.33,PE,overcast clouds
98,Tiksi,71.6872,128.8694,-14.15,99,57,5.59,RU,broken clouds
99,Thompson,55.7435,-97.8558,-12.84,70,100,9.22,CA,overcast clouds
100,Rochefort,45.9167,-1.0,55.92,85,100,8.01,FR,overcast clouds
101,Nenjiang,49.1833,125.2167,-30.59,100,62,0.94,CN,broken clouds
102,Rameshki,57.3439,36.0453,28.13,92,100,8.81,RU,overcast clouds
103,Sargur,11.9833,76.4167,63.36,80,32,2.98,IN,scattered clouds
104,Hihya,30.6713,31.588,59.09,78,29,7.18,EG,scattered clouds
105,Talnakh,69.4865,88.3972,-23.82,100,100,2.64,RU,overcast clouds
106,Tabou,4.423,-7.3528,80.28,77,11,7.43,CI,few clouds
107,Vardo,70.3705,31.1107,24.78,80,75,13.8,NO,broken clouds
108,Ranong,9.9658,98.6348,75.15,77,83,9.95,TH,broken clouds
109,Takoradi,4.8845,-1.7554,80.31,79,61,9.17,GH,broken clouds
110,Faya,18.3851,42.4509,55.51,59,0,2.86,SA,clear sky
111,Longyearbyen,78.2186,15.6401,13.84,73,75,6.91,SJ,broken clouds
112,Escarcega,18.6089,-90.7454,88.93,38,12,5.95,MX,few clouds
113,Dikson,73.5069,80.5464,-18.53,97,71,1.14,RU,broken clouds
114,Yatou,37.15,122.3833,25.47,71,1,0.29,CN,clear sky
115,Lakes Entrance,-37.8811,147.981,46.17,90,22,4.03,AU,few clouds
116,Toora-Khem,52.4675,96.11,-6.72,94,100,2.62,RU,overcast clouds
117,Saint George,37.1041,-113.5841,42.44,43,0,1.99,US,clear sky
118,Jamestown,42.097,-79.2353,29.55,95,100,10.36,US,overcast clouds
119,Russell,32.3502,-85.1999,55.4,32,0,8.05,US,clear sky
120,Mar Del Plata,-38.0023,-57.5575,83.82,81,0,21.0,AR,clear sky
121,Severomuysk,56.1481,113.4267,-20.42,98,100,4.52,RU,overcast clouds
122,Cape Town,-33.9258,18.4232,67.1,59,0,17.27,ZA,clear sky
123,Qaanaaq,77.484,-69.3632,5.67,93,94,3.56,GL,overcast clouds
124,Vao,-22.6667,167.4833,76.41,81,100,14.81,NC,overcast clouds
125,Kruisfontein,-34.0033,24.7314,65.88,74,99,16.35,ZA,overcast clouds
126,Saint Paul,44.9444,-93.0933,13.28,81,100,6.91,US,light snow
127,Kidal,18.4411,1.4078,73.96,14,0,10.45,ML,clear sky
128,Ponta Do Sol,32.6667,-17.1,72.01,94,100,10.56,PT,light rain
129,Konstantinovo,54.6628,29.2699,8.53,81,75,10.76,BY,broken clouds
130,Corbelia,-24.7989,-53.3067,74.55,77,33,1.1,BR,scattered clouds
131,Codrington,-38.2667,141.9667,46.72,86,15,9.73,AU,few clouds
132,Cidreira,-30.1811,-50.2056,68.76,90,100,18.99,BR,overcast clouds
133,Kapit,2.0167,112.9333,73.51,99,100,0.43,MY,overcast clouds
134,Dakar,14.6937,-17.4441,86.88,61,0,9.22,SN,clear sky
135,El Tigre,8.8875,-64.2454,81.64,58,100,11.83,VE,overcast clouds
136,Kusu,33.2831,131.1514,26.02,87,36,3.91,JP,scattered clouds
137,Qaqortoq,60.7167,-46.0333,8.92,63,16,8.28,GL,few clouds
138,Paredon,16.0333,-93.8667,86.34,58,90,8.21,MX,overcast clouds
139,Jiangkou,25.4872,119.1986,48.04,79,52,11.05,CN,broken clouds
140,Lata,40.1629,-8.3327,60.93,88,100,11.52,PT,light rain
141,Tuktoyaktuk,69.4541,-133.0374,-23.8,76,20,6.91,CA,few clouds
142,Pevek,69.7008,170.3133,18.48,61,1,9.04,RU,clear sky
143,Saint-Pierre,-21.3393,55.4781,78.48,69,0,2.3,RE,clear sky
144,Zhigansk,66.7697,123.3711,-26.18,92,97,15.61,RU,overcast clouds
145,Lagoa,39.05,-27.9833,60.96,81,0,28.5,PT,light rain
146,Nouakchott,18.0858,-15.9785,89.53,27,0,11.39,MR,clear sky
147,Torbay,47.6666,-52.7314,37.58,97,100,25.32,CA,light rain
148,Vostok,46.4856,135.8833,-17.09,98,100,4.47,RU,overcast clouds
149,Broken Hill,-31.95,141.4333,68.74,25,100,16.51,AU,overcast clouds
150,Port Blair,11.6667,92.75,80.64,74,40,5.75,IN,haze
151,Cayenne,4.9333,-52.3333,78.84,94,75,3.44,GF,light rain
152,Banjar,-8.19,114.9675,75.61,86,85,3.87,ID,overcast clouds
153,Wana,32.2989,69.5725,47.43,42,1,3.71,PK,clear sky
154,Zeya,53.75,127.2667,-27.22,95,6,2.89,RU,clear sky
155,Tiarei,-17.5333,-149.3333,82.42,77,90,9.51,PF,overcast clouds
156,Port Elizabeth,-33.918,25.5701,68.29,75,100,16.11,ZA,overcast clouds
157,Zhangye,38.9342,100.4517,12.31,82,98,3.56,CN,overcast clouds
158,Gazli,40.1333,63.45,40.33,60,0,6.6,UZ,clear sky
159,Namibe,-15.1961,12.1522,69.94,82,33,8.3,AO,scattered clouds
160,Srednekolymsk,67.45,153.6833,-6.72,99,99,2.04,RU,overcast clouds
161,Saint-Denis,48.9167,2.3333,53.76,75,0,12.66,FR,clear sky
162,Huntsville,34.7304,-86.5861,45.27,51,0,5.75,US,clear sky
163,Baykit,61.67,96.37,-26.93,100,86,3.18,RU,overcast clouds
164,Arraial Do Cabo,-22.9661,-42.0278,75.06,83,100,8.05,BR,light intensity drizzle
165,Upernavik,72.7868,-56.1549,26.02,68,100,8.23,GL,overcast clouds
166,Yorkton,51.2167,-102.4677,-13.16,77,100,4.61,CA,overcast clouds
167,Ust-Kan,50.9276,84.761,16.88,93,100,5.21,RU,light snow
168,Santa Fe,-31.6333,-60.7,93.97,32,0,11.01,AR,light rain
169,Norman Wells,65.282,-126.8329,-32.76,68,40,4.61,CA,scattered clouds
170,Acajutla,13.5928,-89.8275,86.29,53,1,7.96,SV,clear sky
171,Lasa,46.6166,10.7002,22.69,59,100,1.66,IT,overcast clouds
172,Talwandi Bhai,30.85,74.9333,53.38,35,9,2.77,IN,clear sky
173,Gamba,-2.65,10.0,77.54,88,85,6.24,GA,overcast clouds
174,Karasjok,69.4719,25.5112,-2.61,100,73,2.13,NO,broken clouds
175,Quang Ngai,15.1167,108.8,65.28,90,100,7.0,VN,overcast clouds
176,Bartoszyce,54.2535,20.8082,26.19,86,100,16.6,PL,light snow
177,Chimoio,-19.1164,33.4833,71.46,100,75,0.98,MZ,moderate rain
178,Te Anau,-45.4167,167.7167,47.7,78,16,2.68,NZ,few clouds
179,Halifax,44.6453,-63.5724,37.51,93,100,16.11,CA,overcast clouds
180,Nago,26.5881,127.9761,50.85,63,24,9.24,JP,few clouds
181,Sibolga,1.7427,98.7792,75.94,89,100,3.36,ID,overcast clouds
182,Naze,28.3667,129.4833,50.92,73,40,8.75,JP,scattered clouds
183,Bandarbeyla,9.4942,50.8122,77.13,75,22,24.61,SO,few clouds
184,Norilsk,69.3535,88.2027,-23.58,100,100,2.33,RU,overcast clouds
185,Guerrero Negro,27.9769,-114.0611,66.45,40,14,6.64,MX,few clouds
186,Hovd,48.0056,91.6419,0.88,86,100,2.86,MN,overcast clouds
187,Cherskiy,68.75,161.3,20.39,72,18,6.8,RU,few clouds
188,Bondo,3.8146,23.6866,77.76,51,90,1.72,CD,overcast clouds
189,Isangel,-19.55,169.2667,75.31,88,20,4.61,VU,few clouds
190,Henties Bay,-22.116,14.2845,62.47,92,0,6.62,NA,clear sky
191,Touros,-5.1989,-35.4608,82.15,65,0,13.29,BR,clear sky
192,Bengkulu,-3.8004,102.2655,75.97,87,100,4.65,ID,overcast clouds
193,Bend,44.0582,-121.3153,37.6,59,0,8.05,US,clear sky
194,Clyde River,70.4692,-68.5914,8.83,85,75,11.5,CA,broken clouds
195,Tautira,-17.7333,-149.15,78.66,77,97,9.73,PF,overcast clouds
196,Lebu,-37.6167,-73.65,62.62,63,99,11.07,CL,overcast clouds
197,Kyzyl-Suu,42.3414,78.0056,22.19,54,0,9.89,KG,clear sky
198,Papetoai,-17.4961,-149.8729,81.99,77,100,11.25,PF,overcast clouds
199,Winona,43.9666,-91.7668,12.4,79,100,5.75,US,overcast clouds
200,Ilheus,-14.7889,-39.0494,84.02,74,0,6.91,BR,clear sky
201,Ihosy,-22.4,46.1167,71.89,85,100,5.35,MG,moderate rain
202,Nantucket,41.2835,-70.0995,42.91,57,40,19.57,US,scattered clouds
203,Thunder Bay,48.4001,-89.3168,10.38,72,100,3.44,CA,overcast clouds
204,Yerbogachen,61.2767,108.0108,-11.13,97,100,6.13,RU,overcast clouds
205,Lavrentiya,65.5833,-171.0,15.15,78,79,5.84,RU,broken clouds
206,Hokitika,-42.7167,170.9667,59.5,77,100,3.8,NZ,overcast clouds
207,Kota,25.1833,75.8333,62.26,36,8,1.83,IN,clear sky
208,Pirgos,35.1167,25.7178,60.62,72,51,23.06,GR,broken clouds
209,Sebastian,35.1668,-94.2669,43.39,58,100,8.81,US,overcast clouds
210,Rapar,23.5667,70.6333,71.47,24,12,4.97,IN,few clouds
211,Bambous Virieux,-20.3428,57.7575,78.22,78,40,3.44,MU,scattered clouds
212,Altamira,-3.2033,-52.2064,89.69,70,40,8.05,BR,scattered clouds
213,Nur,52.6683,22.3221,22.39,84,100,14.18,PL,overcast clouds
214,Kirakira,-10.4544,161.9205,79.5,84,27,5.79,SB,scattered clouds
215,Souillac,-20.5167,57.5167,75.58,78,40,3.44,MU,scattered clouds
216,Buraydah,26.326,43.975,59.45,36,0,7.14,SA,clear sky
217,Chodziez,52.995,16.9198,30.4,96,100,13.85,PL,light snow
218,Nara,34.6851,135.8049,33.12,64,9,5.08,JP,clear sky
219,Sambava,-14.2667,50.1667,76.73,82,72,0.78,MG,broken clouds
220,Niamey,13.5137,2.1098,86.29,10,88,9.22,NE,overcast clouds
221,Nelson Bay,-32.7167,152.15,62.11,71,100,11.01,AU,overcast clouds
222,Kaitangata,-46.2817,169.8464,48.87,91,100,7.56,NZ,overcast clouds
223,Birnin Kebbi,12.4539,4.1975,76.12,15,4,9.98,NG,clear sky
224,Bonavista,48.6499,-53.1147,35.89,93,100,29.35,CA,moderate rain
225,Arlit,18.7369,7.3853,71.83,19,0,15.32,NE,clear sky
226,Alofi,-19.0595,-169.9187,78.69,89,8,8.05,NU,clear sky
227,Sayyan,15.1718,44.3244,46.45,59,7,4.56,YE,clear sky
228,Dunmore Town,25.5,-76.65,73.81,77,100,19.95,BS,overcast clouds
229,Alice Springs,-23.7,133.8833,72.95,73,100,9.22,AU,overcast clouds
230,Pasni,25.2631,63.471,71.78,35,0,18.84,PK,clear sky
231,Mahebourg,-20.4081,57.7,78.26,78,40,3.44,MU,scattered clouds
232,Haines Junction,60.7522,-137.5108,-45.45,66,96,2.3,CA,overcast clouds
233,Riyadh,24.6877,46.7219,57.34,33,0,5.7,SA,clear sky
234,Lazaro Cardenas,17.9583,-102.2,83.82,45,36,7.92,MX,scattered clouds
235,Khatanga,71.9667,102.5,-17.52,97,100,5.37,RU,overcast clouds
236,Naron,43.5167,-8.1528,60.04,93,100,11.65,ES,overcast clouds
237,Monywa,22.1167,95.1333,69.82,72,25,2.93,MM,scattered clouds
238,Linden,6.0,-58.3,87.06,52,82,5.95,GY,broken clouds
239,Qasigiannguit,68.8193,-51.1922,8.87,71,21,5.99,GL,few clouds
240,Bourail,-21.5667,165.4833,75.04,88,90,5.95,NC,overcast clouds
241,Provideniya,64.3833,-173.3,20.12,84,86,16.58,RU,overcast clouds
242,Okha,53.5739,142.9478,-5.39,88,100,24.43,RU,overcast clouds
243,Ciudad Real,39.0,-4.0,48.11,95,71,4.0,ES,broken clouds
244,Bloomington,44.8408,-93.2983,12.67,81,100,6.91,US,snow
245,Mujiayingzi,42.1167,118.7833,11.66,62,100,5.93,CN,overcast clouds
246,Shirpur,21.35,74.8833,72.84,27,5,3.87,IN,clear sky
247,Khani,41.9563,42.9566,40.57,99,100,4.23,GE,overcast clouds
248,Saint John,45.2727,-66.0677,33.8,100,100,14.97,CA,mist
249,Pisco,-13.7,-76.2167,77.05,69,0,10.36,PE,clear sky
250,Wysokie Mazowieckie,52.9166,22.5171,21.67,83,100,14.99,PL,overcast clouds
251,Itoman,26.1247,127.6694,59.02,73,0,9.22,JP,clear sky
252,Qingquan,30.4511,115.2559,39.69,50,55,2.55,CN,broken clouds
253,Chaplynka,46.3651,33.5403,28.02,66,0,6.85,UA,clear sky
254,Makokou,0.5738,12.8642,76.93,70,100,1.63,GA,overcast clouds
255,Vila Franca Do Campo,37.7167,-25.4333,65.19,89,52,16.28,PT,broken clouds
256,Ciudad Bolivar,8.1222,-63.5497,86.14,48,100,10.45,VE,light rain
257,Lieksa,63.3167,30.0167,12.18,99,77,5.37,FI,broken clouds
258,Hithadhoo,-0.6,73.0833,81.16,73,100,12.1,MV,overcast clouds
259,Leningradskiy,69.3833,178.4167,6.3,85,10,8.93,RU,clear sky
260,Khandbari,27.3747,87.2039,54.66,78,39,2.28,NP,scattered clouds
261,Wanaka,-44.7,169.15,51.12,81,100,4.83,NZ,overcast clouds
262,Simpang,-1.2667,104.0833,74.32,95,95,1.57,ID,overcast clouds
263,Barpali,21.2,83.5833,61.72,36,14,0.18,IN,few clouds
264,Itaguai,-22.8522,-43.7753,76.62,83,100,3.44,BR,overcast clouds
265,Ruwi,23.5996,58.5507,73.62,49,0,4.45,OM,clear sky
266,Madimba,-10.4,40.3333,83.52,78,20,14.97,TZ,few clouds
267,Walvis Bay,-22.9575,14.5053,67.15,82,0,17.27,NA,clear sky
268,Maridi,4.9158,29.4742,78.48,34,12,3.83,SS,few clouds
269,Samarai,-10.6167,150.6667,81.61,80,79,9.26,PG,broken clouds
270,Fereydunshahr,32.941,50.121,30.85,58,0,4.14,IR,clear sky
271,Dos Hermanas,37.2829,-5.9209,60.66,81,0,2.3,ES,clear sky
272,Natal,-5.795,-35.2094,86.65,61,20,16.11,BR,few clouds
273,Troitskoye,52.9821,84.6757,22.95,94,100,16.89,RU,snow
274,Tessalit,20.1986,1.0114,73.42,14,0,9.57,ML,clear sky
275,Sorong,-0.8833,131.25,79.11,85,100,5.7,ID,overcast clouds
276,Rantepao,-2.9701,119.8978,64.98,97,51,3.15,ID,broken clouds
277,Victoria,22.2855,114.1577,61.25,79,67,15.01,HK,broken clouds
278,Hasaki,35.7333,140.8333,32.22,43,0,11.07,JP,clear sky
279,Belyy Yar,53.6039,91.3903,13.89,91,100,2.24,RU,light snow
280,Saldanha,-33.0117,17.9442,66.25,76,100,17.63,ZA,overcast clouds
281,Seoul,37.5683,126.9778,18.84,76,0,1.14,KR,clear sky
282,Yulara,-25.2406,130.9889,78.91,35,97,3.49,AU,overcast clouds
283,Arauco,-37.2463,-73.3175,59.86,67,93,6.6,CL,overcast clouds
284,Dalmatovo,56.26,62.9362,27.99,80,100,16.93,RU,overcast clouds
285,Erenhot,43.6475,111.9767,11.59,70,5,11.01,CN,clear sky
286,Bubaque,11.2833,-15.8333,82.69,51,73,9.51,GW,broken clouds
287,Salekhard,66.53,66.6019,1.92,96,100,13.8,RU,overcast clouds
288,Redwater,33.3582,-94.2544,44.89,79,100,7.23,US,overcast clouds
289,Zhizdra,53.746,34.7395,14.88,87,100,8.97,RU,overcast clouds
290,Atyrau,47.1167,51.8833,33.82,93,40,11.18,KZ,mist
291,Drezna,55.7458,38.8497,28.24,92,100,11.25,RU,overcast clouds
292,Marabba,12.35,32.1833,84.07,22,5,8.9,SD,clear sky
293,Ajaigarh,24.9,80.2667,55.69,44,0,1.72,IN,clear sky
294,Sorland,67.667,12.6934,37.26,61,100,22.19,NO,overcast clouds
295,Kachiry,53.0675,76.1036,26.62,81,100,18.14,KZ,overcast clouds
296,Khandyga,62.6667,135.6,-43.46,100,87,1.59,RU,overcast clouds
297,Dingle,10.9995,122.6711,74.48,93,100,8.03,PH,overcast clouds
298,Airai,-8.9266,125.4092,60.73,93,100,1.41,TL,overcast clouds
299,Killybegs,54.6333,-8.45,42.51,75,7,26.02,IE,clear sky
300,Puerto Carreno,6.189,-67.4859,89.58,51,20,12.66,CO,few clouds
301,Warrington,53.3925,-2.5802,55.87,82,75,10.36,GB,broken clouds
302,San Pedro,14.35,121.0167,78.35,91,100,1.14,PH,overcast clouds
303,Berdigestyakh,62.0989,126.6992,-32.33,100,92,3.36,RU,overcast clouds
304,Hofn,64.2539,-15.2082,32.02,64,100,19.57,IS,light shower snow
305,Homer,59.6425,-151.5483,18.81,74,0,17.0,US,clear sky
306,Zlitan,32.4674,14.5687,64.92,63,76,14.61,LY,broken clouds
307,Pusad,19.9,77.5833,66.56,32,98,1.16,IN,overcast clouds
308,Kharp,66.8014,65.8081,6.03,95,100,8.41,RU,overcast clouds
309,Paide,58.8856,25.5572,19.22,90,100,7.43,EE,overcast clouds
310,La Baneza,42.3003,-5.8977,50.65,93,100,16.42,ES,overcast clouds
311,Northallerton,54.339,-1.4324,55.4,76,20,33.38,GB,light intensity drizzle
312,Puerto Escondido,15.85,-97.0667,84.72,54,100,6.26,MX,overcast clouds
313,Mersing,2.4312,103.8405,75.11,94,20,4.61,MY,few clouds
314,Vung Tau,10.346,107.0843,76.17,78,25,4.83,VN,scattered clouds
315,Palafrugell,41.9174,3.1631,58.46,54,17,5.01,ES,few clouds
316,General Roca,-39.0333,-67.5833,99.63,12,98,22.68,AR,overcast clouds
317,Masuda,34.6667,131.85,41.16,65,100,9.95,JP,overcast clouds
318,Shanhetun,44.7,127.2,-1.41,88,7,5.84,CN,clear sky
319,Aljezur,37.3191,-8.8033,60.84,94,100,10.13,PT,overcast clouds
320,Havre-Saint-Pierre,50.2334,-63.5986,37.4,69,100,29.93,CA,light rain
321,Trairi,-3.2778,-39.2689,83.57,61,100,13.51,BR,overcast clouds
322,Dukat,62.55,155.55,9.59,96,100,8.12,RU,light snow
323,Deputatskiy,69.3,139.9,-18.26,94,89,4.79,RU,overcast clouds
324,Honiara,-9.4333,159.95,76.87,87,27,3.94,SB,scattered clouds
325,Farah,32.5,62.5,43.07,56,0,2.26,AF,clear sky
326,Sur,22.5667,59.5289,74.53,56,1,3.58,OM,clear sky
327,Wanning,18.8003,110.3967,65.39,85,100,7.61,CN,overcast clouds
328,Mareeba,-17.0,145.4333,72.32,94,76,4.16,AU,broken clouds
329,Sirpur,19.4833,79.6,62.91,42,100,3.71,IN,overcast clouds
330,Maraba,-5.3686,-49.1178,89.78,66,40,4.61,BR,scattered clouds
331,Mathbaria,22.2876,89.9593,63.34,78,94,1.16,BD,overcast clouds
332,Baherden,38.4362,57.4316,44.29,45,0,4.03,TM,clear sky
333,Kununurra,-15.7667,128.7333,80.58,94,100,3.44,AU,overcast clouds
334,Jumla,29.2747,82.1838,37.4,31,4,4.83,NP,clear sky
335,Faanui,-16.4833,-151.75,79.25,76,100,10.74,PF,overcast clouds
336,Guaymas,27.9333,-110.9,70.45,29,2,4.97,MX,clear sky
337,Panzhihua,26.5851,101.7128,44.71,87,4,1.59,CN,clear sky
338,Abbeville,50.1,1.8333,55.36,86,97,19.53,FR,overcast clouds
339,Kumluca,36.3703,30.2869,64.17,62,5,5.12,TR,clear sky
340,Dzhebariki-Khaya,62.2167,135.8,-42.07,100,100,1.3,RU,overcast clouds
341,Lompoc,34.6391,-120.4579,60.78,68,40,6.91,US,scattered clouds
342,Ati,13.2154,18.3353,76.01,19,91,10.36,TD,overcast clouds
343,Grindavik,63.8424,-22.4338,28.35,74,40,42.57,IS,scattered clouds
344,Paamiut,61.994,-49.6678,17.33,70,0,10.89,GL,clear sky
345,Gondar,12.6,37.4667,58.86,40,4,2.91,ET,clear sky
346,Sabang,5.8933,95.3214,79.16,83,97,13.02,ID,moderate rain
347,Ossora,59.2353,163.0719,32.99,98,100,25.28,RU,snow
348,Kamaishi,39.2667,141.8833,28.81,80,31,6.62,JP,scattered clouds
349,Chateaubelair,13.2833,-61.25,81.12,69,40,13.8,VC,scattered clouds
350,Tilichiki,60.4667,166.1,32.47,97,100,25.72,RU,snow
351,Temple,31.0982,-97.3428,44.04,93,100,5.75,US,light rain
352,Chumikan,54.7183,135.315,-10.82,81,7,22.97,RU,clear sky
353,Nishihara,26.1842,127.7558,58.28,78,0,9.22,JP,clear sky
354,Zaton,53.2936,83.8072,22.59,79,75,22.37,RU,snow
355,Lorengau,-2.0226,147.2712,79.27,81,100,4.03,PG,overcast clouds
356,Porto Seguro,-16.4497,-39.0647,81.12,78,40,13.8,BR,scattered clouds
357,Mitu,1.1983,-70.1733,77.0,90,100,4.12,CO,overcast clouds
358,Gornopravdinsk,60.05,69.9,18.34,95,100,10.09,RU,light snow
359,Manzanillo,20.3433,-77.1167,88.74,41,54,5.66,CU,broken clouds
360,Tortona,44.8978,8.8637,42.37,1,100,1.61,IT,overcast clouds
361,Hualmay,-11.0964,-77.6139,75.43,70,87,8.28,PE,overcast clouds
362,Zheleznodorozhnyy,55.7503,38.0042,28.81,92,100,10.33,RU,overcast clouds
363,Hobyo,5.3505,48.5268,79.09,78,9,18.99,SO,clear sky
364,Parakai,-36.65,174.4333,67.71,85,66,2.19,NZ,broken clouds
365,Severo-Kurilsk,50.6789,156.125,29.23,84,93,30.94,RU,light snow
366,Fort Nelson,58.8053,-122.7002,-40.41,67,20,0.0,CA,mist
367,Lahaina,20.8783,-156.6825,77.81,76,100,26.02,US,moderate rain
368,Constitucion,-35.3333,-72.4167,63.41,59,2,8.28,CL,clear sky
369,Coahuayana,18.7333,-103.6833,87.22,39,0,6.69,MX,clear sky
370,Itarema,-2.9248,-39.9167,83.89,58,67,16.8,BR,broken clouds
371,Mayo,38.8876,-76.5119,42.19,51,0,11.5,US,clear sky
372,Nanortalik,60.1432,-45.2371,18.34,66,5,6.93,GL,clear sky
373,Cambui,-22.6122,-46.0575,69.04,94,100,2.3,BR,overcast clouds
374,Port Keats,-14.25,129.55,78.39,86,100,6.2,AU,light rain
375,Villamontes,-21.25,-63.5,89.04,40,40,0.0,BO,scattered clouds
376,Riberalta,-10.9833,-66.1,77.2,94,100,9.22,BO,overcast clouds
377,Belmonte,-15.8631,-38.8828,80.29,69,87,9.82,BR,overcast clouds
378,Klaksvik,62.2266,-6.589,47.32,99,100,12.46,FO,light rain
379,Szaszvar,46.2767,18.3757,32.36,86,100,5.55,HU,overcast clouds
380,Pa Daet,19.5049,99.9924,58.62,78,94,0.43,TH,overcast clouds
381,San Andres,12.5847,-81.7006,84.22,70,75,16.11,CO,broken clouds
382,Iralaya,15.0,-83.2333,81.77,70,0,12.75,HN,clear sky
383,Kupang,-10.1667,123.5833,79.27,78,99,7.58,ID,overcast clouds
384,Dinghai,26.2847,119.7936,47.32,73,96,15.35,CN,overcast clouds
385,Monrovia,6.3005,-10.7969,80.37,77,88,9.22,LR,overcast clouds
386,Abu Samrah,35.3029,37.1841,52.68,53,0,4.65,SY,clear sky
387,Laje,-10.1833,-40.9667,88.41,32,29,7.18,BR,scattered clouds
388,Sioux Lookout,50.1001,-91.917,1.47,66,40,3.44,CA,scattered clouds
389,Belomorsk,64.5232,34.7668,14.79,96,78,5.66,RU,broken clouds
390,Namatanai,-3.6667,152.4333,78.15,83,98,3.69,PG,light rain
391,Kita,13.0349,-9.4895,81.39,13,97,5.41,ML,overcast clouds
392,Cham,49.245,12.6825,32.47,90,100,1.07,DE,overcast clouds
393,Nova Friburgo,-22.2819,-42.5311,62.91,99,100,3.27,BR,light rain
394,Mehamn,71.0357,27.8492,30.15,74,40,8.05,NO,scattered clouds
395,Sao Jose Da Coroa Grande,-8.8978,-35.1478,81.7,61,0,11.39,BR,clear sky
396,Alejandria,5.4753,-75.2296,68.58,77,100,4.14,CO,overcast clouds
397,Cape Coast,5.1053,-1.2466,80.42,81,43,10.42,GH,scattered clouds
398,Tairua,-37.0167,175.85,65.89,82,100,4.81,NZ,light rain
399,Los Llanos De Aridane,28.6585,-17.9182,65.95,85,20,7.0,ES,few clouds
400,Tasiilaq,65.6145,-37.6368,-0.02,56,0,5.06,GL,clear sky
401,Necochea,-38.5473,-58.7368,80.49,39,72,21.27,AR,broken clouds
402,Nhulunbuy,-12.2333,136.7667,83.01,78,40,8.05,AU,scattered clouds
403,East Wenatchee Bench,47.4257,-120.2812,22.59,64,100,5.01,US,overcast clouds
404,Hamilton,39.1834,-84.5333,33.21,61,0,4.61,US,clear sky
405,Catamarca,-28.4696,-65.7852,90.77,36,13,8.01,AR,few clouds
406,Ostrovnoy,68.0531,39.5131,16.54,92,98,12.73,RU,overcast clouds
407,Kovdor,67.5662,30.4758,7.79,98,99,2.48,RU,overcast clouds
408,Guarapari,-20.6667,-40.4975,72.9,98,100,5.66,BR,heavy intensity rain
409,Tual,-5.6667,132.75,81.99,76,100,11.03,ID,overcast clouds
410,Amur,54.0,128.0,-26.34,95,10,1.52,RU,clear sky
411,Rincon,32.296,-81.2354,52.86,44,77,7.14,US,broken clouds
412,Turayf,31.6725,38.6637,46.65,81,0,6.91,SA,clear sky
413,Malysheva,57.1185,61.4035,16.86,84,96,13.42,RU,overcast clouds
414,Madison,34.7334,-86.5667,45.39,52,0,8.01,US,clear sky
415,Merke,42.8728,73.1786,27.28,70,6,5.32,KZ,clear sky
416,Baruun-Urt,46.6806,113.2792,-4.49,89,100,3.47,MN,overcast clouds
417,Obama,35.4958,135.746,35.96,79,99,7.9,JP,overcast clouds
418,Aviles,43.5547,-5.9248,65.59,55,75,4.61,ES,broken clouds
419,Port Lincoln,-34.7333,135.8667,64.63,71,84,1.41,AU,broken clouds
420,Bandar-E Anzali,37.4727,49.4622,53.71,89,55,3.06,IR,broken clouds
421,Coquimbo,-29.9533,-71.3436,67.73,72,40,11.5,CL,scattered clouds
422,Elbistan,38.2059,37.1983,45.03,66,89,1.01,TR,overcast clouds
423,Iquique,-20.2208,-70.1431,73.44,68,20,6.8,CL,few clouds
424,Dawlatabad,36.4141,64.9053,42.73,61,4,2.55,AF,clear sky
425,Naryan-Mar,67.6713,53.087,-9.33,100,67,5.08,RU,broken clouds
426,Port Huron,42.9709,-82.4249,28.63,69,100,9.22,US,overcast clouds
427,Odweyne,9.4092,45.064,62.33,51,3,11.03,SO,clear sky
428,Hanover,52.3705,9.7332,43.93,86,100,8.05,DE,overcast clouds
429,Ankazoabo,-22.2833,44.5167,73.15,94,100,2.73,MG,light rain
430,Viedma,-40.8135,-62.9967,88.48,24,82,26.28,AR,broken clouds
431,Damghan,36.1683,54.348,43.09,59,0,1.1,IR,clear sky
432,Matagami,49.7502,-77.6328,23.11,86,100,13.8,CA,overcast clouds
433,Ayan,56.45,138.1667,-10.73,75,74,14.2,RU,broken clouds
434,Doka,13.5167,35.7667,80.85,27,2,10.47,SD,clear sky
435,Batie,9.8833,-2.9167,82.94,13,54,5.64,BF,broken clouds
436,Beringovskiy,63.05,179.3167,32.36,89,100,24.49,RU,light snow
437,Luba,3.4568,8.5547,80.49,75,63,5.95,GQ,broken clouds
438,Egvekinot,66.3167,-179.1667,12.29,52,8,6.29,RU,clear sky
439,Maine-Soroa,13.2114,12.0241,71.78,22,11,8.25,NE,few clouds
440,San Estanislao,10.3983,-75.1511,87.69,51,25,3.94,CO,scattered clouds
441,Stornoway,58.2093,-6.3865,48.16,92,75,16.11,GB,broken clouds
442,Evensk,61.95,159.2333,32.52,84,100,39.3,RU,overcast clouds
443,Miraflores,19.2167,-98.8083,73.98,26,18,3.22,MX,few clouds
444,Moa,20.6569,-74.9403,82.63,64,100,10.51,CU,overcast clouds
445,Boguchany,58.3814,97.4531,-4.43,99,100,3.38,RU,overcast clouds
446,Flin Flon,54.7682,-101.865,-11.36,64,100,8.05,CA,overcast clouds
447,Quatre Cocos,-20.2078,57.7625,78.1,73,60,9.46,MU,broken clouds
448,Berwick,41.0545,-76.2333,33.15,72,100,4.0,US,overcast clouds
449,Chute-Aux-Outardes,49.1168,-68.399,37.38,81,100,9.22,CA,overcast clouds
450,Bonthe,7.5264,-12.505,81.36,74,100,10.38,SL,overcast clouds
451,Myaundzha,63.0494,147.1858,-3.5,97,100,5.08,RU,overcast clouds
452,Kropotkin,45.4375,40.5756,31.39,64,100,7.23,RU,overcast clouds
453,Kahului,20.8947,-156.47,77.85,76,100,8.99,US,moderate rain
454,Netishyn,50.34,26.6417,25.27,60,22,12.86,UA,few clouds
455,Pierre,44.3683,-100.351,4.86,78,100,9.22,US,overcast clouds
456,Morro Bay,35.3658,-120.8499,59.99,63,64,1.45,US,broken clouds
457,De Aar,-30.6497,24.0123,72.84,43,7,14.92,ZA,clear sky
458,Konza,-1.7426,37.1294,60.26,90,74,8.14,KE,broken clouds
459,San Patricio,28.017,-97.5169,57.06,91,100,12.88,US,overcast clouds
460,Puerto Madero,14.7208,-92.4215,82.31,67,5,4.79,MX,clear sky
461,Fairbanks,64.8378,-147.7164,-23.4,74,16,2.59,US,few clouds
462,Ahipara,-35.1667,173.1667,63.77,87,14,1.88,NZ,few clouds
463,Shimoda,34.6667,138.95,36.1,70,5,16.64,JP,clear sky
464,Osakarovka,50.565,72.5692,12.81,74,34,11.07,KZ,scattered clouds
465,High River,50.5834,-113.8687,-10.84,63,11,11.81,CA,few clouds
466,Alyangula,-13.8483,136.4192,82.85,77,100,14.03,AU,overcast clouds
467,Luderitz,-26.6481,15.1594,65.5,82,0,23.33,NA,clear sky
468,Tiznit,29.5833,-9.5,64.47,35,36,2.08,MA,scattered clouds
469,Ylivieska,64.0833,24.55,21.88,94,91,5.48,FI,overcast clouds
470,Mizdah,31.4451,12.9801,59.88,67,100,11.5,LY,overcast clouds
471,Isiolo,0.3546,37.5822,69.21,72,51,4.5,KE,broken clouds
472,Murgab,37.4966,61.9714,35.47,75,0,0.0,TM,clear sky
473,Ardakan,32.31,54.0175,48.58,47,0,2.75,IR,clear sky
474,Goundam,16.4145,-3.6708,79.7,11,100,10.02,ML,overcast clouds
475,Sesheke,-17.4759,24.2968,72.34,77,78,2.42,ZM,light rain
476,Berlevag,70.8578,29.0864,30.2,80,75,17.27,NO,broken clouds
477,Tazmalt,36.3868,4.3989,55.02,64,0,4.27,DZ,clear sky
478,Vila Do Maio,15.1333,-23.2167,81.39,76,8,17.6,CV,clear sky
479,Omsukchan,62.5333,155.8,9.61,96,100,9.73,RU,light snow
480,Ystad,55.4297,13.8204,36.34,98,100,17.54,SE,overcast clouds
481,Saint Anthony,45.0205,-93.218,12.29,82,100,10.36,US,overcast clouds
482,Hirara,24.8,125.2833,66.2,64,86,19.53,JP,overcast clouds
483,Majene,-3.5403,118.9707,77.09,82,32,4.63,ID,scattered clouds
484,Rocha,-34.4833,-54.3333,77.22,48,74,15.64,UY,broken clouds
485,Port Hardy,50.6996,-127.4199,19.58,73,75,17.27,CA,broken clouds
486,Mocuba,-16.8392,36.9856,74.01,98,100,1.3,MZ,moderate rain
487,Tashtyp,52.7939,89.8983,13.17,93,100,3.18,RU,overcast clouds
488,Salinas,36.6777,-121.6555,54.97,69,0,10.36,US,clear sky
489,Banda Aceh,5.5577,95.3222,77.16,86,96,4.54,ID,light rain
490,Livingston,55.9029,-3.5226,49.28,80,40,18.41,GB,scattered clouds
491,Mlawa,53.1128,20.3841,25.18,85,100,14.9,PL,light snow
492,Andros Town,24.7,-77.7667,78.76,74,82,19.6,BS,broken clouds
493,Hambantota,6.1241,81.1185,75.54,100,75,5.75,LK,broken clouds
494,Caravelas,-17.7125,-39.2481,79.95,73,100,8.99,BR,overcast clouds
495,Sujangarh,27.7011,74.4649,56.95,26,6,5.97,IN,clear sky
496,Aykhal,66.0,111.5,-21.35,98,100,7.4,RU,light snow
497,Sao Miguel Do Araguaia,-13.275,-50.1628,73.36,91,100,4.36,BR,moderate rain
498,Makakilo City,21.3469,-158.0858,70.12,77,100,17.27,US,moderate rain
499,Vaitape,-16.5167,-151.75,79.23,76,100,10.71,PF,overcast clouds
500,Villanueva De Cordoba,38.3228,-4.6287,44.82,81,98,3.42,ES,overcast clouds
501,Lake Jackson,29.0339,-95.4344,53.69,93,100,21.85,US,thunderstorm with heavy rain
502,Ginda,30.6945,78.4932,44.64,16,98,7.14,IN,overcast clouds
503,Yuncheng,35.0231,110.9928,33.96,40,100,4.43,CN,overcast clouds
504,Cangucu,-31.395,-52.6756,72.61,70,94,12.48,BR,overcast clouds
505,Caucaia,-3.7361,-38.6531,84.15,72,20,16.11,BR,few clouds
506,Broome,42.2506,-75.833,32.09,76,92,5.99,US,overcast clouds
507,Ondjiva,-17.0667,15.7333,80.92,21,41,6.35,AO,scattered clouds
508,Sawtell,-30.3833,153.1,59.02,72,100,9.22,AU,overcast clouds
509,Bodden Town,19.2833,-81.25,87.8,62,20,12.66,KY,few clouds
510,Poum,-20.2333,164.0167,78.44,82,25,16.55,NC,scattered clouds
511,Ternate,0.8,127.4,79.59,79,98,1.86,ID,overcast clouds
512,Dioknisi,41.6293,42.3917,39.29,99,100,5.06,GE,overcast clouds
513,Plouzane,48.3833,-4.6167,55.72,94,100,23.02,FR,light rain
514,Marsa Matruh,31.3525,27.2453,66.4,68,40,4.61,EG,scattered clouds
515,Fehervarcsurgo,47.2935,18.2646,30.49,79,100,7.07,HU,overcast clouds
516,Dhaka,23.7104,90.4074,69.78,68,29,0.0,BD,haze
517,Limbang,4.75,115.0,78.91,98,100,2.71,MY,overcast clouds
518,Bilibino,68.0546,166.4372,17.64,70,100,7.07,RU,overcast clouds
519,Bambanglipuro,-7.95,110.2833,76.78,85,20,2.93,ID,few clouds
520,Poole,50.7167,-2.0,55.65,96,75,16.11,GB,light rain
521,Savannakhet,16.566,104.751,53.98,79,97,5.59,LA,overcast clouds
522,Manggar,-2.8833,108.2667,77.99,83,61,2.84,ID,broken clouds
523,Farmington,36.7281,-108.2187,40.21,37,0,4.0,US,clear sky
524,Wajir,1.7471,40.0573,83.7,24,8,9.37,KE,clear sky
525,Labuhan,-6.8844,112.2051,78.3,85,100,6.93,ID,overcast clouds
526,Soubre,5.7856,-6.6083,80.37,67,55,4.47,CI,broken clouds
527,Miram Shah,33.0086,70.0697,52.93,37,0,4.88,PK,clear sky
528,Lannion,48.75,-3.4167,58.98,87,100,20.71,FR,light rain
529,Padang,-0.9492,100.3543,76.78,85,58,4.09,ID,broken clouds
530,San Quintin,30.4833,-115.95,63.77,47,0,4.74,MX,clear sky
531,Pirovskoye,57.6267,92.2658,0.7,98,100,4.21,RU,overcast clouds
532,Limoges,45.75,1.3333,55.96,67,0,16.11,FR,clear sky
533,Puerto Lempira,15.2667,-83.7667,86.14,74,40,11.5,HN,scattered clouds
534,Elk City,35.412,-99.4043,50.68,46,0,10.36,US,clear sky
535,Purushottampur,19.5333,84.8833,61.79,55,50,2.28,IN,scattered clouds
536,Panalipan,10.6483,124.0217,76.26,87,100,4.52,PH,overcast clouds
537,Saint-Jean-De-Maurienne,45.1667,6.5833,23.14,73,100,6.58,FR,overcast clouds
538,Nioro,13.35,-15.75,85.82,13,100,5.44,GM,overcast clouds
539,Tomatlan,19.9333,-105.25,86.61,36,0,5.84,MX,clear sky
540,Sirjan,29.452,55.6814,42.75,54,0,5.1,IR,clear sky
541,Yar-Sale,66.8333,70.8333,-0.58,100,100,8.41,RU,overcast clouds
542,Umm Lajj,25.0213,37.2685,77.36,51,1,3.67,SA,clear sky
543,Portland,45.5234,-122.6762,41.61,86,100,1.99,US,overcast clouds
544,Wuhu,31.3366,118.3755,35.82,60,0,6.55,CN,clear sky
545,Husavik,66.0449,-17.3389,23.47,85,100,31.41,IS,light snow
546,Ushtobe,45.2514,77.9838,8.62,87,5,5.68,KZ,clear sky
547,Puertollano,38.6871,-4.1073,46.15,77,78,3.02,ES,broken clouds
548,Teluk Nibung,3.001,99.8164,75.38,92,100,2.77,ID,overcast clouds
549,Beloha,-25.1667,45.05,73.06,88,100,9.28,MG,light rain
550,Vila Velha,-20.3297,-40.2925,73.35,98,100,5.75,BR,overcast clouds
551,Olafsvik,64.8945,-23.7142,28.18,70,100,51.07,IS,overcast clouds
552,Sotouboua,8.5667,0.9833,80.74,16,3,3.98,TG,clear sky
553,Taoudenni,22.6783,-3.9836,71.53,19,0,10.78,ML,clear sky
554,Lepe,37.2548,-7.2043,64.2,87,99,11.99,ES,overcast clouds
555,Phayao,19.25,100.25,56.86,84,22,0.74,TH,few clouds
556,Ermelo,-26.5333,29.9833,59.36,85,23,3.83,ZA,few clouds
557,Alta Floresta,-9.8756,-56.0861,74.41,89,100,2.84,BR,overcast clouds
558,Pangody,65.85,74.4859,-7.33,99,100,8.43,RU,overcast clouds
559,Olintepeque,14.8882,-91.5152,61.25,63,8,3.29,GT,clear sky
560,Petrov Val,50.1434,45.2096,23.43,79,7,10.83,RU,clear sky
561,Bajil,15.0584,43.2851,77.49,59,3,6.04,YE,clear sky
562,Tamandare,-8.7597,-35.1047,82.04,60,0,11.16,BR,clear sky
563,Grande Prairie,55.1667,-118.8027,-9.6,92,100,4.85,CA,overcast clouds
564,Aleksandrovsk-Sakhalinskiy,50.8975,142.1561,1.63,92,100,4.21,RU,overcast clouds
565,Flinders,-34.5833,150.8552,59.18,71,100,5.99,AU,overcast clouds
566,Amapa,1.0,-52.0,83.57,61,100,1.01,BR,overcast clouds
567,Boa Vista,2.8197,-60.6733,85.98,54,75,10.36,BR,broken clouds
568,Kalininsk,51.5,44.4758,22.8,90,98,10.02,RU,overcast clouds
569,Ouadda,8.0777,22.4007,73.96,27,99,5.44,CF,overcast clouds
570,Nakusp,50.2499,-117.8023,4.48,85,92,2.51,CA,overcast clouds
571,Okhotsk,59.3833,143.3,3.29,78,100,21.88,RU,overcast clouds
572,Tangua,-22.7303,-42.7142,70.36,95,100,3.58,BR,light rain
573,Burns Lake,54.2331,-125.7533,-9.26,76,11,1.63,CA,few clouds
574,Granville,-33.8333,151.0167,58.01,73,75,13.8,AU,broken clouds
575,Emporia,38.4039,-96.1817,39.51,77,91,13.76,US,overcast clouds
576,Provost,52.3501,-110.2683,-8.03,92,100,4.99,CA,overcast clouds
577,San Cristobal,7.7669,-72.225,81.77,44,100,4.88,VE,overcast clouds
578,Kaniama,-7.5667,24.1833,65.53,97,100,3.49,CD,overcast clouds
579,Huainan,32.6264,116.9969,36.14,48,100,6.13,CN,overcast clouds
580,Sinnamary,5.3833,-52.95,74.8,93,100,6.24,GF,overcast clouds
581,Tanete,-3.9443,119.7848,74.52,91,100,3.65,ID,overcast clouds
582,Puerto Penasco,31.3167,-113.5333,61.84,26,0,5.73,MX,clear sky
583,Cervo,43.6702,-7.4101,57.96,84,92,7.94,ES,light rain
584,Camacupa,-12.0167,17.4833,63.37,93,100,5.35,AO,overcast clouds
585,Kashi,39.4547,75.9797,23.43,49,100,2.13,CN,overcast clouds
586,Tocopilla,-22.092,-70.1979,73.04,69,11,5.19,CL,few clouds
587,Changzhou,31.7833,119.9667,37.85,50,1,6.73,CN,clear sky
588,Santa Rosa,14.3122,121.1114,79.11,96,100,9.28,PH,moderate rain
589,Atocha,-20.9333,-66.2333,62.62,11,1,16.93,BO,clear sky
590,Solnechnyy,50.7214,136.6319,-15.47,95,34,4.07,RU,scattered clouds
591,The Valley,18.217,-63.0578,83.82,71,31,14.34,AI,scattered clouds
592,Port Shepstone,-30.7414,30.455,68.61,86,78,1.21,ZA,broken clouds
593,Esperance,-33.8667,121.9,57.92,89,23,6.26,AU,few clouds
594,Varkkallai,8.7341,76.7067,80.38,64,100,2.82,IN,overcast clouds
595,Gomel,52.4345,30.9754,2.41,97,25,5.08,BY,scattered clouds
596,Gat,31.61,34.7642,66.4,54,0,1.36,IL,clear sky
597,Barcelos,41.5388,-8.6151,59.14,91,100,17.78,PT,light rain
598,Lubawa,53.5043,19.7497,27.41,87,100,15.97,PL,overcast clouds
599,Ilulissat,69.2167,-51.1,23.02,39,40,13.8,GL,scattered clouds
600,Chernyshevskiy,63.0128,112.4714,-32.6,99,100,2.3,RU,overcast clouds
601,Crotone,39.0851,17.1178,54.19,72,3,13.02,IT,clear sky
602,Vizianagaram,18.1167,83.4167,64.81,69,52,3.27,IN,broken clouds
603,Maceio,-9.6658,-35.7353,85.44,58,0,16.11,BR,clear sky
604,Nizhniy Kuranakh,58.8353,125.4869,-36.18,100,69,2.86,RU,broken clouds
605,Berlin,52.5244,13.4105,39.97,94,75,15.99,DE,light rain
606,Krasnyy Chikoy,50.3643,108.7512,-8.64,99,89,3.0,RU,overcast clouds
607,Tiruchchendur,8.4833,78.1167,77.95,82,100,18.52,IN,overcast clouds
608,Putina,-15.4667,-69.4333,54.01,49,57,9.69,PE,broken clouds
609,Hervey Bay,-25.2986,152.8535,71.33,65,100,16.2,AU,overcast clouds
610,Gravesend,51.4414,0.3737,56.35,88,100,21.45,GB,overcast clouds
611,Inuvik,68.3499,-133.7218,-27.78,99,52,5.1,CA,broken clouds
612,Vagur,61.4732,-6.8119,46.85,98,100,16.08,FO,overcast clouds
613,Sao Paulo De Olivenca,-3.3783,-68.8725,81.95,82,98,1.95,BR,overcast clouds
614,Waipawa,-41.4122,175.5153,56.03,95,100,6.78,NZ,overcast clouds
615,Nizwa,22.9333,57.5333,65.08,46,0,2.98,OM,clear sky
616,Camacha,33.0833,-16.3333,65.62,88,40,14.97,PT,scattered clouds
617,Vysokogornyy,50.1167,139.15,-15.14,98,100,4.97,RU,overcast clouds
618,Phan Thiet,10.9333,108.1,71.98,85,8,2.53,VN,clear sky
619,Sola,-13.8833,167.55,81.66,70,7,2.8,VU,clear sky
620,Patos De Minas,-18.5789,-46.5181,75.2,76,99,7.14,BR,overcast clouds
621,Erdaojiang,41.7764,126.0319,0.72,91,5,1.92,CN,clear sky
622,Kavaratti,10.5669,72.642,81.19,69,100,5.41,IN,overcast clouds
623,Hays,30.0502,-98.0336,47.08,89,100,1.99,US,overcast clouds
624,Rio Gallegos,-51.6226,-69.2181,63.57,37,1,16.51,AR,clear sky
625,Sao Filipe,14.8961,-24.4956,78.75,57,30,11.92,CV,scattered clouds
626,Maningrida,-12.0667,134.2667,77.38,90,100,6.73,AU,overcast clouds
627,Santa Maria,-29.6842,-53.8069,82.38,48,35,13.2,BR,scattered clouds
628,Barra Patuca,15.8,-84.2833,78.64,80,83,12.15,HN,light rain
629,Shimanovsk,52.0,127.7,-26.05,100,16,1.74,RU,few clouds
630,Muros,42.7762,-9.0603,60.67,95,100,25.05,ES,light rain
631,Huarmey,-10.0681,-78.1522,75.56,72,60,9.46,PE,broken clouds
632,Zhangjiakou,40.81,114.8794,16.81,42,22,2.55,CN,few clouds
633,Port Augusta,-32.5,137.7667,75.13,36,77,7.87,AU,broken clouds
634,Oranjestad,12.524,-70.027,84.9,74,0,3.0,AW,clear sky
635,Biak,-0.9131,122.8766,75.92,81,99,2.8,ID,overcast clouds
636,Greenville,35.6127,-77.3663,45.12,44,0,4.0,US,clear sky
637,Bo Phloi,14.3236,99.5161,62.82,68,20,4.88,TH,few clouds
638,Nata,8.3333,-80.5167,85.59,62,85,14.41,PA,overcast clouds
639,Diego De Almagro,-26.3667,-70.05,84.33,17,0,18.39,CL,clear sky
640,Abu Dhabi,24.4667,54.3667,71.96,72,0,1.01,AE,clear sky
641,Jacksonville,30.3322,-81.6556,69.06,64,40,13.8,US,scattered clouds
642,Luau,-10.7073,22.2247,61.81,99,98,2.77,AO,overcast clouds
643,Pascagoula,30.3658,-88.5561,51.73,65,77,9.89,US,broken clouds
644,Yumen,40.2833,97.2,18.21,64,44,26.98,CN,scattered clouds
645,Rosarito,32.3333,-117.0333,65.41,45,1,5.99,MX,clear sky
646,Natitingou,10.3042,1.3796,75.85,16,6,5.93,BJ,clear sky
647,Assiniboia,49.6334,-105.9845,-3.21,91,100,7.65,CA,overcast clouds
648,Westport,41.1415,-73.3579,40.28,55,24,10.0,US,few clouds
649,Severnyy,50.677,36.5532,21.24,93,0,11.18,RU,clear sky
650,Rokytne,51.2796,27.214,19.78,80,32,10.18,UA,scattered clouds
651,La Palma,33.8464,-118.0467,64.94,52,6,1.99,US,clear sky
652,Aitape,-3.1374,142.3475,77.38,88,100,4.56,PG,overcast clouds
653,Tefe,-3.3542,-64.7114,82.45,84,100,3.04,BR,light rain
654,Mitocu Dragomirnei,47.7333,26.25,25.25,89,0,7.0,RO,clear sky
655,Ostersund,63.1792,14.6357,19.85,93,100,12.66,SE,overcast clouds
656,Auki,-8.7676,160.7034,76.73,87,99,3.58,SB,overcast clouds
657,Roma,43.2128,-75.4557,33.39,79,100,7.0,US,snow
658,Vila,42.0304,-8.1588,49.08,94,100,8.37,PT,light rain
659,Nikel,69.4128,30.222,21.38,96,100,5.88,RU,light snow
660,Kailua,21.4022,-157.7394,71.58,60,100,23.02,US,moderate rain
661,Arrecife,28.963,-13.5477,69.78,49,0,4.61,ES,clear sky
662,Finnsnes,69.2296,17.9811,19.76,90,92,1.32,NO,overcast clouds
663,Ballina,-28.8667,153.5667,58.01,84,77,12.73,AU,broken clouds
664,Kisangani,0.5167,25.2,71.08,97,100,2.06,CD,moderate rain
665,Bida,9.0833,6.0167,80.29,16,10,2.84,NG,clear sky
666,Rabak,13.1809,32.74,82.56,22,5,7.9,SD,clear sky
667,Tupaciguara,-18.5922,-48.705,72.64,86,97,3.85,BR,overcast clouds
668,Marrakesh,31.6315,-8.0083,68.07,45,0,5.75,MA,clear sky
669,Yeppoon,-23.1333,150.7333,65.98,64,99,16.46,AU,overcast clouds
670,Gabu,12.2833,-14.2167,84.33,15,100,5.41,GW,overcast clouds
671,Port-Cartier,50.0334,-66.8654,35.74,98,100,11.68,CA,overcast clouds
672,Muheza,-5.1667,38.7833,74.23,94,100,8.59,TZ,overcast clouds
673,Hondo,32.45,130.2,44.55,63,84,6.87,JP,broken clouds
674,Ugoofaaru,5.6667,73.0,80.71,76,100,8.32,MV,overcast clouds
675,Caraballeda,10.6112,-66.8522,88.38,58,100,12.17,VE,overcast clouds
676,Tashla,51.7716,52.7427,20.62,84,17,9.19,RU,few clouds
677,Oksfjord,70.2396,22.3479,30.38,90,100,3.42,NO,snow
678,Nortelandia,-14.4547,-56.8028,79.99,76,100,5.17,BR,overcast clouds
679,Vestmanna,62.1564,-7.1664,45.52,93,100,9.22,FO,drizzle rain
680,Linxia,35.6003,103.2064,15.91,70,1,3.33,CN,clear sky
681,Antofagasta,-23.65,-70.4,73.13,65,3,8.79,CL,clear sky
